time_period,time_identifier,geographic_level,country_code,country_name,region_code,region_name,old_la_code,new_la_code,la_name,school_type_group,subject_area,qualification,school_type,subject_name,entry_count,perc_astar_grade_achieved,perc_astar_a_grade_achieved,perc_astar_b_grade_achieved,perc_astar_c_grade_achieved,perc_astar_d_grade_achieved,perc_astar_e_grade_achieved
202223,Academic year,Local authority,E92000001,England,E12000006,East of England,882,E06000033,Southend-on-Sea,State-funded institutions,All subjects,A level,All state-funded schools and colleges,Total subjects,3812,9.41763,29.3809,56.8468,79.09234,92.28751,97.63903
202223,Academic year,Local authority,E92000001,England,E12000006,East of England,883,E06000034,Thurrock,State-funded institutions,All subjects,A level,All state-funded schools and colleges,Total subjects,1040,6.05769,21.53846,48.94231,77.01923,90.67308,97.59615
202223,Academic year,Local authority,E92000001,England,E12000005,West Midlands,860,E10000028,Staffordshire,State-funded institutions,All subjects,A level,All state-funded schools and colleges,Total subjects,7433,4.41275,17.27432,42.80909,68.55913,85.65855,95.76214
202223,Academic year,Local authority,E92000001,England,E12000006,East of England,935,E10000029,Suffolk,State-funded institutions,All subjects,A level,All state-funded schools and colleges,Total subjects,7189,5.31367,19.27945,43.81694,68.53526,86.06204,95.53484
202223,Academic year,Local authority,E92000001,England,E12000008,South East,936,E10000030,Surrey,State-funded institutions,All subjects,A level,All state-funded schools and colleges,Total subjects,17445,8.99971,28.81055,57.65549,79.93694,92.62253,97.9765
202223,Academic year,Local authority,E92000001,England,E12000005,West Midlands,885,E10000034,Worcestershire,State-funded institutions,All subjects,A level,All state-funded schools and colleges,Total subjects,5740,5.31359,18.93728,42.87456,69.47735,88.03136,97.05575
202223,Academic year,Local authority,E92000001,England,E12000008,South East,938,E10000032,West Sussex,State-funded institutions,All subjects,A level,All state-funded schools and colleges,Total subjects,8594,6.86525,22.50407,49.69746,73.79567,89.99302,97.16081
202223,Academic year,Local authority,E92000001,England,E12000007,London,306,E09000008,Croydon,State-funded institutions,All subjects,A level,All state-funded schools and colleges,Total subjects,3531,4.07816,14.38686,37.5531,63.04163,82.41291,93.28802
202223,Academic year,Local authority,E92000001,England,E12000007,London,307,E09000009,Ealing,State-funded institutions,All subjects,A level,All state-funded schools and colleges,Total subjects,5311,7.9646,27.11354,55.01789,77.72548,91.52702,97.1945
202223,Academic year,Local authority,E92000001,England,E12000005,West Midlands,937,E10000031,Warwickshire,State-funded institutions,All subjects,A level,All state-funded schools and colleges,Total subjects,8542,9.08452,27.17162,53.18427,75.11122,89.58089,96.78061
202223,Academic year,Local authority,E92000001,England,E12000007,London,203,E09000011,Greenwich,State-funded institutions,All subjects,A level,All state-funded schools and colleges,Total subjects,2806,3.63507,16.3578,41.83892,68.06842,85.21026,94.72559
202223,Academic year,Local authority,E92000001,England,E12000007,London,204,E09000012,Hackney,State-funded institutions,All subjects,A level,All state-funded schools and colleges,Total subjects,3008,7.11436,23.47074,51.32979,74.7008,90.12633,97.07447
202223,Academic year,Local authority,E92000001,England,E12000007,London,205,E09000013,Hammersmith and Fulham,State-funded institutions,All subjects,A level,All state-funded schools and colleges,Total subjects,2496,9.81571,30.72917,58.09295,77.5641,89.90385,96.55449
202223,Academic year,Local authority,E92000001,England,E12000007,London,308,E09000010,Enfield,State-funded institutions,All subjects,A level,All state-funded schools and colleges,Total subjects,3708,8.60302,25.37756,51.3754,75.02697,89.72492,97.35707
202223,Academic year,Local authority,E92000001,England,E12000007,London,310,E09000015,Harrow,State-funded institutions,All subjects,A level,All state-funded schools and colleges,Total subjects,5129,7.77929,27.49074,55.03997,77.50049,90.68044,97.15344
202223,Academic year,Local authority,E92000001,England,E12000007,London,311,E09000016,Havering,State-funded institutions,All subjects,A level,All state-funded schools and colleges,Total subjects,2199,6.13915,22.28286,51.79627,76.80764,91.45066,98.18099
202223,Academic year,Local authority,E92000001,England,E12000007,London,312,E09000017,Hillingdon,State-funded institutions,All subjects,A level,All state-funded schools and colleges,Total subjects,4751,4.77794,18.81709,43.06462,68.78552,86.57125,96.16923
202223,Academic year,Local authority,E92000001,England,E12000007,London,313,E09000018,Hounslow,State-funded institutions,All subjects,A level,All state-funded schools and colleges,Total subjects,4190,5.39379,22.50597,52.95943,76.63484,91.00239,97.01671
202223,Academic year,Local authority,E92000001,England,E12000007,London,206,E09000019,Islington,State-funded institutions,All subjects,A level,All state-funded schools and colleges,Total subjects,1230,5.93496,22.19512,50.4065,75.93496,90.97561,96.91057
202223,Academic year,Local authority,E92000001,England,E12000007,London,207,E09000020,Kensington and Chelsea,State-funded institutions,All subjects,A level,All state-funded schools and colleges,Total subjects,1966,9.25738,29.2472,56.25636,79.80671,92.01424,98.11801
202223,Academic year,Local authority,E92000001,England,E12000007,London,314,E09000021,Kingston upon Thames,State-funded institutions,All subjects,A level,All state-funded schools and colleges,Total subjects,3662,15.83834,38.88585,62.83452,81.3763,92.51775,97.84271
202223,Academic year,Local authority,E92000001,England,E12000007,London,208,E09000022,Lambeth,State-funded institutions,All subjects,A level,All state-funded schools and colleges,Total subjects,2502,11.15108,25.4996,49.28058,72.42206,88.04956,96.20304
202223,Academic year,Local authority,E92000001,England,E12000007,London,209,E09000023,Lewisham,State-funded institutions,All subjects,A level,All state-funded schools and colleges,Total subjects,2355,5.47771,18.64119,40.97665,66.32696,84.37367,94.81953
202223,Academic year,Local authority,E92000001,England,E12000007,London,315,E09000024,Merton,State-funded institutions,All subjects,A level,All state-funded schools and colleges,Total subjects,1639,5.55217,21.29347,49.90848,76.08298,91.70226,97.37645
202223,Academic year,Local authority,E92000001,England,E12000007,London,316,E09000025,Newham,State-funded institutions,All subjects,A level,All state-funded schools and colleges,Total subjects,5981,16.25146,42.71861,65.79167,80.88948,90.65374,96.65608
202223,Academic year,Local authority,E92000001,England,E12000007,London,317,E09000026,Redbridge,State-funded institutions,All subjects,A level,All state-funded schools and colleges,Total subjects,7543,5.74042,21.47687,47.62031,72.61037,88.55893,96.71218
202223,Academic year,Local authority,E92000001,England,E12000007,London,309,E09000014,Haringey,State-funded institutions,All subjects,A level,All state-funded schools and colleges,Total subjects,3630,9.06336,27.35537,55.45455,77.13499,90.63361,97.19008
202223,Academic year,Local authority,E92000001,England,E12000007,London,210,E09000028,Southwark,State-funded institutions,All subjects,A level,All state-funded schools and colleges,Total subjects,3730,7.98928,27.93566,58.71314,80.10724,92.14477,97.7748
202223,Academic year,Local authority,E92000001,England,E12000007,London,319,E09000029,Sutton,State-funded institutions,All subjects,A level,All state-funded schools and colleges,Total subjects,6004,15.77282,42.25516,68.18787,85.12658,94.50366,98.41772
202223,Academic year,Local authority,E92000001,England,E12000007,London,211,E09000030,Tower Hamlets,State-funded institutions,All subjects,A level,All state-funded schools and colleges,Total subjects,5626,3.16388,14.84181,38.83754,65.3395,84.02062,94.95201
202223,Academic year,Local authority,E92000001,England,E12000007,London,320,E09000031,Waltham Forest,State-funded institutions,All subjects,A level,All state-funded schools and colleges,Total subjects,3363,3.62771,12.87541,35.05798,60.63039,81.71276,93.57716
202223,Academic year,Local authority,E92000001,England,E12000007,London,212,E09000032,Wandsworth,State-funded institutions,All subjects,A level,All state-funded schools and colleges,Total subjects,4007,5.715,21.01323,46.41877,69.50337,86.29898,95.83229
202223,Academic year,Local authority,E92000001,England,E12000007,London,213,E09000033,Westminster,State-funded institutions,All subjects,A level,All state-funded schools and colleges,Total subjects,3878,10.41774,32.23311,57.58123,77.6689,89.47911,96.93141
202223,Academic year,Local authority,E92000001,England,E12000002,North West,350,E08000001,Bolton,State-funded institutions,All subjects,A level,All state-funded schools and colleges,Total subjects,2141,4.90425,17.56189,45.86642,72.95656,89.77113,97.01074
202223,Academic year,Local authority,E92000001,England,E12000002,North West,351,E08000002,Bury,State-funded institutions,All subjects,A level,All state-funded schools and colleges,Total subjects,3462,4.79492,17.87984,40.17909,64.78914,83.44887,95.06066
202223,Academic year,Local authority,E92000001,England,E12000002,North West,352,E08000003,Manchester,State-funded institutions,All subjects,A level,All state-funded schools and colleges,Total subjects,8498,6.23676,22.45234,50.01177,75.24123,90.31537,97.71711
202223,Academic year,Local authority,E92000001,England,E12000002,North West,353,E08000004,Oldham,State-funded institutions,All subjects,A level,All state-funded schools and colleges,Total subjects,2889,3.46141,16.30322,43.12911,70.02423,88.64659,97.71547
202223,Academic year,Local authority,E92000001,England,E12000002,North West,354,E08000005,Rochdale,State-funded institutions,All subjects,A level,All state-funded schools and colleges,Total subjects,2373,7.29035,24.02023,52.08597,74.71555,88.622,97.47155
202223,Academic year,Local authority,E92000001,England,E12000002,North West,355,E08000006,Salford,State-funded institutions,All subjects,A level,All state-funded schools and colleges,Total subjects,918,3.37691,10.67538,32.8976,67.42919,86.38344,97.27669
202223,Academic year,Local authority,E92000001,England,E12000007,London,318,E09000027,Richmond upon Thames,State-funded institutions,All subjects,A level,All state-funded schools and colleges,Total subjects,2716,8.68925,31.48012,58.68925,80.11782,90.35346,96.35493
202223,Academic year,Local authority,E92000001,England,E12000002,North West,357,E08000008,Tameside,State-funded institutions,All subjects,A level,All state-funded schools and colleges,Total subjects,2425,4.57732,17.52577,43.71134,68.08247,85.93814,95.95876
202223,Academic year,Local authority,E92000001,England,E12000002,North West,358,E08000009,Trafford,State-funded institutions,All subjects,A level,All state-funded schools and colleges,Total subjects,4994,13.17581,38.92671,65.95915,83.72046,93.55226,98.01762
202223,Academic year,Local authority,E92000001,England,E12000002,North West,359,E08000010,Wigan,State-funded institutions,All subjects,A level,All state-funded schools and colleges,Total subjects,3986,7.67687,25.13798,53.18615,78.09834,93.35173,98.64526
202223,Academic year,Local authority,E92000001,England,E12000002,North West,340,E08000011,Knowsley,State-funded institutions,All subjects,A level,All state-funded schools and colleges,Total subjects,13,0,7.69231,30.76923,53.84615,76.92308,100
202223,Academic year,Local authority,E92000001,England,E12000002,North West,341,E08000012,Liverpool,State-funded institutions,All subjects,A level,All state-funded schools and colleges,Total subjects,4879,6.88666,22.01271,43.67698,67.37036,85.30437,95.47038
202223,Academic year,Local authority,E92000001,England,E12000002,North West,342,E08000013,St. Helens,State-funded institutions,All subjects,A level,All state-funded schools and colleges,Total subjects,2177,7.02802,22.73771,51.58475,76.34359,91.96141,98.34635
202223,Academic year,Local authority,E92000001,England,E12000002,North West,343,E08000014,Sefton,State-funded institutions,All subjects,A level,All state-funded schools and colleges,Total subjects,2487,2.53317,12.14314,32.36832,59.38882,81.74507,94.08926
202223,Academic year,Local authority,E92000001,England,E12000002,North West,344,E08000015,Wirral,State-funded institutions,All subjects,A level,All state-funded schools and colleges,Total subjects,5031,5.80402,21.10912,47.6446,72.64957,88.35222,96.85947
202223,Academic year,Local authority,E92000001,England,E12000003,Yorkshire and The Humber,370,E08000016,Barnsley,State-funded institutions,All subjects,A level,All state-funded schools and colleges,Total subjects,1397,4.29492,16.60702,44.4524,75.0179,93.91553,99.2126
202223,Academic year,Local authority,E92000001,England,E12000003,Yorkshire and The Humber,371,E08000017,Doncaster,State-funded institutions,All subjects,A level,All state-funded schools and colleges,Total subjects,2512,6.36943,23.28822,50.27866,75.23885,91.32166,97.96975
202223,Academic year,Local authority,E92000001,England,E12000005,West Midlands,894,E06000020,Telford and Wrekin,State-funded institutions,All subjects,A level,All state-funded schools and colleges,Total subjects,2231,9.63693,29.09009,53.42896,73.41999,87.58404,96.2797
202223,Academic year,Local authority,E92000001,England,E12000005,West Midlands,861,E06000021,Stoke-on-Trent,State-funded institutions,All subjects,A level,All state-funded schools and colleges,Total subjects,1921,4.32067,19.6252,47.00677,72.30609,88.96408,96.51223
202223,Academic year,Local authority,E92000001,England,E12000008,South East,887,E06000035,Medway,State-funded institutions,All subjects,A level,All state-funded schools and colleges,Total subjects,3320,6.68675,21.86747,46.20482,69.87952,86.71687,95.36145
202223,Academic year,Local authority,E92000001,England,E12000008,South East,867,E06000036,Bracknell Forest,State-funded institutions,All subjects,A level,All state-funded schools and colleges,Total subjects,1269,6.46178,22.53743,46.5721,72.10402,88.33727,96.92671
202223,Academic year,Local authority,E92000001,England,E12000008,South East,869,E06000037,West Berkshire,State-funded institutions,All subjects,A level,All state-funded schools and colleges,Total subjects,2788,7.24534,22.70445,50.32281,75.03587,91.033,97.27403
202223,Academic year,Local authority,E92000001,England,E12000008,South East,870,E06000038,Reading,State-funded institutions,All subjects,A level,All state-funded schools and colleges,Total subjects,2052,18.37232,41.1306,59.79532,75.92593,86.59844,94.98051
202223,Academic year,Local authority,E92000001,England,E12000008,South East,871,E06000039,Slough,State-funded institutions,All subjects,A level,All state-funded schools and colleges,Total subjects,4831,8.11426,23.432,46.16022,67.77065,84.30967,94.2662
202223,Academic year,Local authority,E92000001,England,E12000008,South East,868,E06000040,Windsor and Maidenhead,State-funded institutions,All subjects,A level,All state-funded schools and colleges,Total subjects,2166,6.69437,23.82271,49.44598,73.13019,87.44229,95.38319
202223,Academic year,Local authority,E92000001,England,E12000008,South East,872,E06000041,Wokingham,State-funded institutions,All subjects,A level,All state-funded schools and colleges,Total subjects,2868,8.57741,28.66109,57.88006,80.02092,92.57322,97.87308
202223,Academic year,Local authority,E92000001,England,E12000008,South East,826,E06000042,Milton Keynes,State-funded institutions,All subjects,A level,All state-funded schools and colleges,Total subjects,3670,4.16894,16.703,38.85559,62.86104,82.23433,94.22343
202223,Academic year,Local authority,E92000001,England,E12000008,South East,846,E06000043,Brighton and Hove,State-funded institutions,All subjects,A level,All state-funded schools and colleges,Total subjects,6399,11.54868,34.30223,63.213,82.70042,93.23332,98.68729
202223,Academic year,Local authority,E92000001,England,E12000008,South East,851,E06000044,Portsmouth,State-funded institutions,All subjects,A level,All state-funded schools and colleges,Total subjects,997,5.71715,17.75326,41.92578,66.3992,84.35306,94.48345
202223,Academic year,Local authority,E92000001,England,E12000008,South East,852,E06000045,Southampton,State-funded institutions,All subjects,A level,All state-funded schools and colleges,Total subjects,1038,2.50482,12.90944,33.81503,59.82659,80.82852,92.67823
202223,Academic year,Local authority,E92000001,England,E12000008,South East,921,E06000046,Isle of Wight,State-funded institutions,All subjects,A level,All state-funded schools and colleges,Total subjects,1065,2.53521,12.95775,36.71362,63.56808,83.28638,95.02347
202223,Academic year,Local authority,E92000001,England,E12000007,London,201,E09000001,City of London,State-funded institutions,All subjects,A level,All state-funded schools and colleges,Total subjects,0,z,z,z,z,z,z
202223,Academic year,Local authority,E92000001,England,E12000007,London,301,E09000002,Barking and Dagenham,State-funded institutions,All subjects,A level,All state-funded schools and colleges,Total subjects,2909,4.98453,20.48814,51.46098,77.99931,93.09041,98.62496
202223,Academic year,Local authority,E92000001,England,E12000007,London,302,E09000003,Barnet,State-funded institutions,All subjects,A level,All state-funded schools and colleges,Total subjects,10289,13.86918,35.99961,61.35679,79.63845,91.08757,97.24949
202223,Academic year,Local authority,E92000001,England,E12000007,London,303,E09000004,Bexley,State-funded institutions,All subjects,A level,All state-funded schools and colleges,Total subjects,4146,7.33237,24.9397,51.66425,74.36083,88.73613,96.14086
202223,Academic year,Local authority,E92000001,England,E12000007,London,304,E09000005,Brent,State-funded institutions,All subjects,A level,All state-funded schools and colleges,Total subjects,3800,10.71053,31.89474,58.10526,80.65789,93.47368,98.52632
202223,Academic year,Local authority,E92000001,England,E12000007,London,305,E09000006,Bromley,State-funded institutions,All subjects,A level,All state-funded schools and colleges,Total subjects,6532,9.5989,26.76056,54.40906,77.26577,91.24311,97.42805
202223,Academic year,Local authority,E92000001,England,E12000007,London,202,E09000007,Camden,State-funded institutions,All subjects,A level,All state-funded schools and colleges,Total subjects,5603,4.37266,15.68802,37.74764,61.93111,81.99179,93.71765
202223,Academic year,Local authority,E92000001,England,E12000001,North East,805,E06000001,Hartlepool,State-funded institutions,All subjects,A level,All state-funded schools and colleges,Total subjects,279,3.58423,12.5448,37.27599,63.08244,83.51254,92.1147
202223,Academic year,Local authority,E92000001,England,E12000001,North East,806,E06000002,Middlesbrough,State-funded institutions,All subjects,A level,All state-funded schools and colleges,Total subjects,971,2.98661,9.47477,33.67662,61.89495,82.49228,95.26262
202223,Academic year,Local authority,E92000001,England,E12000001,North East,807,E06000003,Redcar and Cleveland,State-funded institutions,All subjects,A level,All state-funded schools and colleges,Total subjects,1787,4.3089,15.66872,37.49301,63.51427,84.55512,96.47454
202223,Academic year,Local authority,E92000001,England,E12000001,North East,808,E06000004,Stockton-on-Tees,State-funded institutions,All subjects,A level,All state-funded schools and colleges,Total subjects,1222,5.23732,18.49427,45.00818,72.74959,91.16203,98.11784
202223,Academic year,Local authority,E92000001,England,E12000001,North East,841,E06000005,Darlington,State-funded institutions,All subjects,A level,All state-funded schools and colleges,Total subjects,2235,7.24832,25.77181,55.43624,79.41834,92.84116,98.92617
202223,Academic year,Local authority,E92000001,England,E12000002,North West,876,E06000006,Halton,State-funded institutions,All subjects,A level,All state-funded schools and colleges,Total subjects,1486,2.5572,14.46837,43.33782,74.42799,90.84791,98.38493
202223,Academic year,Local authority,E92000001,England,E12000002,North West,877,E06000007,Warrington,State-funded institutions,All subjects,A level,All state-funded schools and colleges,Total subjects,2055,5.25547,20.48662,46.90998,72.65207,90.17032,97.46959
202223,Academic year,Local authority,E92000001,England,E12000002,North West,889,E06000008,Blackburn with Darwen,State-funded institutions,All subjects,A level,All state-funded schools and colleges,Total subjects,1262,5.07132,19.49287,43.66086,68.30428,86.13312,95.32488
202223,Academic year,Local authority,E92000001,England,E12000002,North West,890,E06000009,Blackpool,State-funded institutions,All subjects,A level,All state-funded schools and colleges,Total subjects,1576,5.77411,19.79695,46.5736,73.66751,89.53046,97.39848
202223,Academic year,Local authority,E92000001,England,E12000003,Yorkshire and The Humber,810,E06000010,"Kingston upon Hull, City of",State-funded institutions,All subjects,A level,All state-funded schools and colleges,Total subjects,2635,6.56546,24.32638,54.11765,78.97533,92.78937,98.21632
202223,Academic year,Local authority,E92000001,England,E12000003,Yorkshire and The Humber,811,E06000011,East Riding of Yorkshire,State-funded institutions,All subjects,A level,All state-funded schools and colleges,Total subjects,2175,4.96552,18.3908,43.72414,71.03448,88.36782,96.50575
202223,Academic year,Local authority,E92000001,England,E12000003,Yorkshire and The Humber,812,E06000012,North East Lincolnshire,State-funded institutions,All subjects,A level,All state-funded schools and colleges,Total subjects,1335,2.47191,13.18352,37.82772,67.34082,84.49438,96.02996
202223,Academic year,Local authority,E92000001,England,E12000009,South West,879,E06000026,Plymouth,State-funded institutions,All subjects,A level,All state-funded schools and colleges,Total subjects,2544,6.64308,21.50157,46.18711,70.28302,87.69654,97.01258
202223,Academic year,Local authority,E92000001,England,E12000009,South West,880,E06000027,Torbay,State-funded institutions,All subjects,A level,All state-funded schools and colleges,Total subjects,1618,10.32138,29.17182,56.36588,76.76143,90.23486,97.46601
202223,Academic year,Local authority,E92000001,England,E12000009,South West,866,E06000030,Swindon,State-funded institutions,All subjects,A level,All state-funded schools and colleges,Total subjects,1907,3.51337,12.58521,33.1935,58.15417,79.49659,92.44887
202223,Academic year,Local authority,E92000001,England,E12000006,East of England,874,E06000031,Peterborough,State-funded institutions,All subjects,A level,All state-funded schools and colleges,Total subjects,2699,5.44646,18.63653,43.53464,69.32197,87.40274,96.33197
202223,Academic year,Local authority,E92000001,England,E12000001,North East,840,E06000047,County Durham,State-funded institutions,All subjects,A level,All state-funded schools and colleges,Total subjects,4219,6.2337,24.41337,54.6575,79.14198,93.03152,98.57786
202223,Academic year,Local authority,E92000001,England,E12000002,North West,895,E06000049,Cheshire East,State-funded institutions,All subjects,A level,All state-funded schools and colleges,Total subjects,4914,6.87831,21.83557,47.151,72.10012,89.11274,97.4766
202223,Academic year,Local authority,E92000001,England,E12000002,North West,896,E06000050,Cheshire West and Chester,State-funded institutions,All subjects,A level,All state-funded schools and colleges,Total subjects,5334,10.17998,31.5898,58.60517,79.11511,91.976,97.82527
202223,Academic year,Local authority,E92000001,England,E12000005,West Midlands,893,E06000051,Shropshire,State-funded institutions,All subjects,A level,All state-funded schools and colleges,Total subjects,3341,5.02843,18.16821,41.54445,66.98593,85.48339,96.10895
202223,Academic year,Local authority,E92000001,England,E12000009,South West,908,E06000052,Cornwall,State-funded institutions,All subjects,A level,All state-funded schools and colleges,Total subjects,4805,5.49428,20.91571,49.26119,74.73465,90.09365,96.89906
202223,Academic year,Local authority,E92000001,England,E12000009,South West,800,E06000022,Bath and North East Somerset,State-funded institutions,All subjects,A level,All state-funded schools and colleges,Total subjects,2880,8.02083,25.9375,54.61806,76.77083,90.625,97.08333
202223,Academic year,Local authority,E92000001,England,E12000009,South West,801,E06000023,"Bristol, City of",State-funded institutions,All subjects,A level,All state-funded schools and colleges,Total subjects,5291,6.65281,22.18862,47.74145,71.53657,87.22359,96.1822
202223,Academic year,Local authority,E92000001,England,E12000009,South West,802,E06000024,North Somerset,State-funded institutions,All subjects,A level,All state-funded schools and colleges,Total subjects,2501,5.35786,19.15234,45.38185,68.65254,85.20592,95.80168
202223,Academic year,Local authority,E92000001,England,E12000009,South West,803,E06000025,South Gloucestershire,State-funded institutions,All subjects,A level,All state-funded schools and colleges,Total subjects,2332,5.66038,18.91081,41.16638,66.33791,84.99142,95.58319
202223,Academic year,Local authority,E92000001,England,E12000001,North East,929,E06000057,Northumberland,State-funded institutions,All subjects,A level,All state-funded schools and colleges,Total subjects,2888,6.02493,20.60249,48.02632,74.0651,89.47368,98.02632
202223,Academic year,Local authority,E92000001,England,E12000002,North West,942,E06000063,Cumberland,State-funded institutions,All subjects,A level,All state-funded schools and colleges,Total subjects,2329,5.62473,19.62216,43.62387,68.95663,85.53027,95.74925
202223,Academic year,Local authority,E92000001,England,E12000002,North West,943,E06000064,Westmorland and Furness,State-funded institutions,All subjects,A level,All state-funded schools and colleges,Total subjects,2452,6.9739,21.90049,46.04405,71.37031,87.60196,96.16639
202223,Academic year,Local authority,E92000001,England,E12000003,Yorkshire and The Humber,815,E06000065,North Yorkshire,State-funded institutions,All subjects,A level,All state-funded schools and colleges,Total subjects,7037,7.81583,25.82066,52.60765,75.28776,90.27995,97.88262
202223,Academic year,Local authority,E92000001,England,E12000009,South West,933,E06000066,Somerset,State-funded institutions,All subjects,A level,All state-funded schools and colleges,Total subjects,4856,6.40445,21.97282,46.89044,71.23147,88.05601,96.27265
202223,Academic year,Local authority,E92000001,England,E12000001,North East,390,E08000037,Gateshead,State-funded institutions,All subjects,A level,All state-funded schools and colleges,Total subjects,1738,6.38665,21.57652,51.09321,80.43728,94.64902,99.13694
202223,Academic year,Local authority,E92000001,England,E12000009,South West,839,E06000058,"Bournemouth, Christchurch and Poole",State-funded institutions,All subjects,A level,All state-funded schools and colleges,Total subjects,4442,7.74426,24.87618,52.47636,75.59658,90.07204,97.95137
202223,Academic year,Local authority,E92000001,England,E12000009,South West,838,E06000059,Dorset,State-funded institutions,All subjects,A level,All state-funded schools and colleges,Total subjects,4287,5.83158,20.08397,45.15979,70.49219,88.91999,97.08421
202223,Academic year,Local authority,E92000001,England,E12000008,South East,825,E06000060,Buckinghamshire,State-funded institutions,All subjects,A level,All state-funded schools and colleges,Total subjects,10926,14.5799,40.65532,66.76734,83.68113,93.50174,98.10544
202223,Academic year,Local authority,E92000001,England,E12000009,South West,420,E06000053,Isles of Scilly,State-funded institutions,All subjects,A level,All state-funded schools and colleges,Total subjects,2,0,0,100,100,100,100
202223,Academic year,Local authority,E92000001,England,E12000009,South West,865,E06000054,Wiltshire,State-funded institutions,All subjects,A level,All state-funded schools and colleges,Total subjects,5536,8.00217,25.43353,51.80636,75.16257,90.37211,97.65173
202223,Academic year,Local authority,E92000001,England,E12000006,East of England,822,E06000055,Bedford,State-funded institutions,All subjects,A level,All state-funded schools and colleges,Total subjects,2778,4.03168,13.7869,33.22534,58.38733,80.41757,93.59251
202223,Academic year,Local authority,E92000001,England,E12000006,East of England,823,E06000056,Central Bedfordshire,State-funded institutions,All subjects,A level,All state-funded schools and colleges,Total subjects,2617,4.96752,15.93428,38.86129,65.53305,84.56248,95.18533
202223,Academic year,Local authority,E92000001,England,E12000004,East Midlands,940,E06000061,North Northamptonshire,State-funded institutions,All subjects,A level,All state-funded schools and colleges,Total subjects,3622,5.30094,19.24351,43.12535,69.43678,86.55439,96.328
202223,Academic year,Local authority,E92000001,England,E12000004,East Midlands,941,E06000062,West Northamptonshire,State-funded institutions,All subjects,A level,All state-funded schools and colleges,Total subjects,5191,5.47101,20.131,45.88711,70.33327,88.15257,96.87921
202223,Academic year,Local authority,E92000001,England,E12000002,North West,356,E08000007,Stockport,State-funded institutions,All subjects,A level,All state-funded schools and colleges,Total subjects,2921,8.2506,27.62752,58.06231,81.95823,94.18008,98.87025
202223,Academic year,Local authority,E92000001,England,E12000003,Yorkshire and The Humber,372,E08000018,Rotherham,State-funded institutions,All subjects,A level,All state-funded schools and colleges,Total subjects,2386,3.64627,15.96815,40.19279,68.27326,85.83403,96.14417
202223,Academic year,Local authority,E92000001,England,E12000003,Yorkshire and The Humber,373,E08000019,Sheffield,State-funded institutions,All subjects,A level,All state-funded schools and colleges,Total subjects,6034,7.75605,25.43918,48.95592,71.34571,86.82466,95.30991
202223,Academic year,Local authority,E92000001,England,E12000001,North East,391,E08000021,Newcastle upon Tyne,State-funded institutions,All subjects,A level,All state-funded schools and colleges,Total subjects,4282,5.74498,20.41102,45.74965,70.9248,86.52499,95.46941
202223,Academic year,Local authority,E92000001,England,E12000001,North East,392,E08000022,North Tyneside,State-funded institutions,All subjects,A level,All state-funded schools and colleges,Total subjects,1686,6.40569,21.53025,46.55991,74.43654,91.39976,97.86477
202223,Academic year,Local authority,E92000001,England,E12000001,North East,393,E08000023,South Tyneside,State-funded institutions,All subjects,A level,All state-funded schools and colleges,Total subjects,1057,5.01419,21.09745,46.1684,72.28004,90.06623,97.91864
202223,Academic year,Local authority,E92000001,England,E12000001,North East,394,E08000024,Sunderland,State-funded institutions,All subjects,A level,All state-funded schools and colleges,Total subjects,1968,3.65854,15.2439,36.7378,63.00813,82.77439,93.90244
202223,Academic year,Local authority,E92000001,England,E12000005,West Midlands,330,E08000025,Birmingham,State-funded institutions,All subjects,A level,All state-funded schools and colleges,Total subjects,12881,8.38444,26.24796,51.4634,74.61377,89.26326,96.99557
202223,Academic year,Local authority,E92000001,England,E12000005,West Midlands,331,E08000026,Coventry,State-funded institutions,All subjects,A level,All state-funded schools and colleges,Total subjects,3489,4.78647,16.681,41.32989,66.80997,84.78074,95.44282
202223,Academic year,Local authority,E92000001,England,E12000005,West Midlands,332,E08000027,Dudley,State-funded institutions,All subjects,A level,All state-funded schools and colleges,Total subjects,5242,4.54025,18.42808,45.09729,71.53758,89.66043,97.55818
202223,Academic year,Local authority,E92000001,England,E12000005,West Midlands,333,E08000028,Sandwell,State-funded institutions,All subjects,A level,All state-funded schools and colleges,Total subjects,3234,1.76252,10.01855,33.33333,62.98701,84.57019,95.45455
202223,Academic year,Local authority,E92000001,England,E12000005,West Midlands,334,E08000029,Solihull,State-funded institutions,All subjects,A level,All state-funded schools and colleges,Total subjects,4648,5.27108,21.36403,49.05336,74.65577,89.86661,97.39673
202223,Academic year,Local authority,E92000001,England,E12000005,West Midlands,335,E08000030,Walsall,State-funded institutions,All subjects,A level,All state-funded schools and colleges,Total subjects,3355,5.51416,18.80775,43.21908,69.56781,87.51118,96.60209
202223,Academic year,Local authority,E92000001,England,E12000005,West Midlands,336,E08000031,Wolverhampton,State-funded institutions,All subjects,A level,All state-funded schools and colleges,Total subjects,2998,4.2028,16.04403,36.85791,60.30687,79.75317,92.29486
202223,Academic year,Local authority,E92000001,England,E12000003,Yorkshire and The Humber,380,E08000032,Bradford,State-funded institutions,All subjects,A level,All state-funded schools and colleges,Total subjects,4737,4.74984,18.42939,44.75406,72.66202,89.31813,97.02343
202223,Academic year,Local authority,E92000001,England,E12000003,Yorkshire and The Humber,381,E08000033,Calderdale,State-funded institutions,All subjects,A level,All state-funded schools and colleges,Total subjects,1902,5.20505,16.71924,41.69295,69.61094,88.90641,97.21346
202223,Academic year,Local authority,E92000001,England,E12000003,Yorkshire and The Humber,382,E08000034,Kirklees,State-funded institutions,All subjects,A level,All state-funded schools and colleges,Total subjects,7164,7.38414,23.79955,50.68398,73.84143,88.65159,96.77554
202223,Academic year,Local authority,E92000001,England,E12000003,Yorkshire and The Humber,383,E08000035,Leeds,State-funded institutions,All subjects,A level,All state-funded schools and colleges,Total subjects,9932,5.48731,19.35159,44.21063,69.25091,86.28675,95.92227
202223,Academic year,Local authority,E92000001,England,E12000003,Yorkshire and The Humber,384,E08000036,Wakefield,State-funded institutions,All subjects,A level,All state-funded schools and colleges,Total subjects,3640,6.75824,22.22527,51.75824,77.91209,92.99451,98.54396
202223,Academic year,Local authority,E92000001,England,E12000006,East of England,873,E10000003,Cambridgeshire,State-funded institutions,All subjects,A level,All state-funded schools and colleges,Total subjects,9087,10.59756,31.07736,57.36767,79.03599,92.13162,97.85408
202223,Academic year,Local authority,E92000001,England,E12000004,East Midlands,830,E10000007,Derbyshire,State-funded institutions,All subjects,A level,All state-funded schools and colleges,Total subjects,6070,6.35914,21.21911,46.65568,72.20758,88.43493,96.68863
202223,Academic year,Local authority,E92000001,England,E12000009,South West,878,E10000008,Devon,State-funded institutions,All subjects,A level,All state-funded schools and colleges,Total subjects,7246,8.08722,25.57273,54.41623,79.49213,92.49241,98.0955
202223,Academic year,Local authority,E92000001,England,E12000008,South East,845,E10000011,East Sussex,State-funded institutions,All subjects,A level,All state-funded schools and colleges,Total subjects,3710,4.87871,19.0027,44.95957,70.72776,88.0593,96.98113
202223,Academic year,Local authority,E92000001,England,E12000006,East of England,881,E10000012,Essex,State-funded institutions,All subjects,A level,All state-funded schools and colleges,Total subjects,18377,7.10127,22.62611,48.21244,72.08467,88.01219,96.6371
202223,Academic year,Local authority,E92000001,England,E12000009,South West,916,E10000013,Gloucestershire,State-funded institutions,All subjects,A level,All state-funded schools and colleges,Total subjects,10697,8.66598,26.72712,52.15481,74.60036,89.09975,96.51304
202223,Academic year,Local authority,E92000001,England,E12000008,South East,850,E10000014,Hampshire,State-funded institutions,All subjects,A level,All state-funded schools and colleges,Total subjects,22464,7.89708,25.52974,53.61022,76.38444,90.0641,97.35132
202223,Academic year,Local authority,E92000001,England,E12000006,East of England,919,E10000015,Hertfordshire,State-funded institutions,All subjects,A level,All state-funded schools and colleges,Total subjects,21212,9.2212,27.98887,54.8746,77.85216,91.49538,97.68056
202223,Academic year,Local authority,E92000001,England,E12000008,South East,886,E10000016,Kent,State-funded institutions,All subjects,A level,All state-funded schools and colleges,Total subjects,19949,7.36378,24.16662,50.48373,73.82826,88.84656,96.89207
202223,Academic year,Local authority,E92000001,England,E12000002,North West,888,E10000017,Lancashire,State-funded institutions,All subjects,A level,All state-funded schools and colleges,Total subjects,13356,7.944,26.79695,55.2336,79.57472,92.4678,97.86613
202223,Academic year,Local authority,E92000001,England,E12000004,East Midlands,855,E10000018,Leicestershire,State-funded institutions,All subjects,A level,All state-funded schools and colleges,Total subjects,7415,5.32704,18.7323,42.93999,68.46932,86.51382,96.34525
202223,Academic year,Local authority,E92000001,England,E12000004,East Midlands,925,E10000019,Lincolnshire,State-funded institutions,All subjects,A level,All state-funded schools and colleges,Total subjects,8297,7.40027,24.44257,51.59696,75.14764,90.43028,97.60154
202223,Academic year,Local authority,E92000001,England,E12000006,East of England,926,E10000020,Norfolk,State-funded institutions,All subjects,A level,All state-funded schools and colleges,Total subjects,8474,6.25443,21.37125,47.35662,71.77248,88.34081,96.69578
202223,Academic year,Local authority,E92000001,England,E12000004,East Midlands,891,E10000024,Nottinghamshire,State-funded institutions,All subjects,A level,All state-funded schools and colleges,Total subjects,8481,6.04881,21.40078,47.71843,71.84294,88.98715,97.29985
202223,Academic year,Local authority,E92000001,England,E12000008,South East,931,E10000025,Oxfordshire,State-funded institutions,All subjects,A level,All state-funded schools and colleges,Total subjects,9528,6.76952,21.87238,46.86188,70.38203,87.5105,96.33711
202223,Academic year,Local authority,E92000001,England,E12000003,Yorkshire and The Humber,813,E06000013,North Lincolnshire,State-funded institutions,All subjects,A level,All state-funded schools and colleges,Total subjects,1273,3.84918,17.1249,41.0055,65.35742,84.91752,95.28672
202223,Academic year,Local authority,E92000001,England,E12000003,Yorkshire and The Humber,816,E06000014,York,State-funded institutions,All subjects,A level,All state-funded schools and colleges,Total subjects,3133,9.28822,29.46058,58.1232,81.83849,94.86116,99.01053
202223,Academic year,Local authority,E92000001,England,E12000004,East Midlands,831,E06000015,Derby,State-funded institutions,All subjects,A level,All state-funded schools and colleges,Total subjects,2676,5.23169,20.44096,47.23468,72.45889,89.53662,97.45889
202223,Academic year,Local authority,E92000001,England,E12000004,East Midlands,856,E06000016,Leicester,State-funded institutions,All subjects,A level,All state-funded schools and colleges,Total subjects,6055,5.86292,19.43848,44.44261,68.67052,85.92898,95.0289
202223,Academic year,Local authority,E92000001,England,E12000004,East Midlands,857,E06000017,Rutland,State-funded institutions,All subjects,A level,All state-funded schools and colleges,Total subjects,507,9.27022,31.36095,65.286,90.33531,97.23866,99.01381
202223,Academic year,Local authority,E92000001,England,E12000004,East Midlands,892,E06000018,Nottingham,State-funded institutions,All subjects,A level,All state-funded schools and colleges,Total subjects,4742,4.21763,17.54534,39.89878,63.81274,82.96078,94.70687
202223,Academic year,Local authority,E92000001,England,E12000005,West Midlands,884,E06000019,"Herefordshire, County of",State-funded institutions,All subjects,A level,All state-funded schools and colleges,Total subjects,2543,6.96028,24.61659,52.22179,75.69799,91.54542,98.93826
202223,Academic year,Local authority,E92000001,England,E12000006,East of England,821,E06000032,Luton,State-funded institutions,All subjects,A level,All state-funded schools and colleges,Total subjects,2477,3.35083,14.93742,41.01736,68.22769,86.47558,96.00323
202223,Academic year,Regional,E92000001,England,E12000006,East of England,,,,State-funded institutions,All subjects,A level,All state-funded schools and colleges,Total subjects,79762,7.55999,23.98761,49.75176,73.55132,89.05995,96.83684
202223,Academic year,Regional,E92000001,England,E12000002,North West,,,,State-funded institutions,All subjects,A level,All state-funded schools and colleges,Total subjects,83958,6.92013,23.4391,49.89995,74.33479,89.68651,97.23671
202223,Academic year,Regional,E92000001,England,E12000003,Yorkshire and The Humber,,,,State-funded institutions,All subjects,A level,All state-funded schools and colleges,Total subjects,57292,6.32375,21.87915,48.07477,73.06605,89.05606,96.96991
202223,Academic year,Regional,E92000001,England,E12000001,North East,,,,State-funded institutions,All subjects,A level,All state-funded schools and colleges,Total subjects,24332,5.62634,20.42167,46.95874,72.94098,89.24462,97.19711
202223,Academic year,Regional,E92000001,England,E12000008,South East,,,,State-funded institutions,All subjects,A level,All state-funded schools and colleges,Total subjects,125079,8.3867,26.35374,52.94094,75.34758,89.66893,96.9859
202223,Academic year,Regional,E92000001,England,E12000004,East Midlands,,,,State-funded institutions,All subjects,A level,All state-funded schools and colleges,Total subjects,53056,5.89189,20.68946,46.11354,70.746,87.77518,96.56966
202223,Academic year,Regional,E92000001,England,E12000009,South West,,,,State-funded institutions,All subjects,A level,All state-funded schools and colleges,Total subjects,60944,7.182,23.39525,49.58158,73.39853,88.93574,96.81347
202223,Academic year,Regional,E92000001,England,E12000007,London,,,,State-funded institutions,All subjects,A level,All state-funded schools and colleges,Total subjects,130240,8.50046,26.40587,52.43781,74.8664,89.27058,96.63314
202223,Academic year,Regional,E92000001,England,E12000005,West Midlands,,,,State-funded institutions,All subjects,A level,All state-funded schools and colleges,Total subjects,67598,6.13923,21.16779,46.36972,71.05388,87.7452,96.51913
